Rvv,muvv,mupv,sigmav,C,conv_status
0.1, 1.0, 0.16, 0.04, 0.23333713322516916, true
0.1, 1.0, 0.04, 0.07, 0.24025598308568363, true
0.1, 1.0, 0.2, 0.04, 0.2318910517712633, true
0.1, 1.0, 0.08, 0.09, 0.24017168702379205, true
0.1, 1.0, 0.0, 0.06, 0.24068531451358896, true
0.1, 1.0, 0.04, 0.28, 0.24069710170102376, true
0.1, 1.0, 0.0, 0.1, 0.24070251552958005, true
0.1, 1.0, 0.12, 0.06, 0.23863305250643815, true
0.1, 1.0, 0.04, 0.04, 0.23813298121376394, true
0.1, 1.0, 0.08, 0.06, 0.23925564713084, true
0.1, 1.0, 0.16, 0.21, 0.2405867051187737, true
0.1, 1.0, 0.08, 0.1, 0.2403375886261642, true
0.1, 1.0, 0.0, 0.28, 0.240710613953259, true
0.1, 1.0, 0.0, 0.05, 0.24054615061295745, true
0.1, 1.0, 0.12, 0.12, 0.2403526098529008, true
0.1, 1.0, 0.16, 0.24, 0.24061859911665479, true
0.1, 1.0, 0.04, 0.13, 0.2406020038154843, true
0.1, 1.0, 0.04, 0.17, 0.24066246484512263, true
0.1, 1.0, 0.12, 0.26, 0.24066672724059443, true
0.1, 1.0, 0.16, 0.34, 0.2406835993300639, true
0.1, 1.0, 0.16, 0.17, 0.24052332194149303, true
0.1, 1.0, 0.08, 0.26, 0.24067732592941066, true
0.1, 1.0, 0.04, 0.16, 0.24063630253210175, true
0.1, 1.0, 0.0, 0.33, 0.240688404036301, true
0.1, 1.0, 0.12, 0.09, 0.2399515734682674, true
0.1, 1.0, 0.08, 0.22, 0.24063296461634018, true
0.1, 1.0, 0.16, 0.11, 0.2400854537357997, true
0.1, 1.0, 0.2, 0.0, 0.2224550370370373, true
0.1, 1.0, 0.04, 0.11, 0.24053876045043243, true
0.1, 1.0, 0.2, 0.09, 0.23945470754570372, true
0.1, 1.0, 0.0, 0.24, 0.24070294119739352, true
0.1, 1.0, 0.04, 0.23, 0.24065838588865707, true
0.1, 1.0, 0.0, 0.25, 0.24068968103866947, true
0.1, 1.0, 0.0, 0.3, 0.24069801613364206, true
0.1, 1.0, 0.0, 0.26, 0.24070062845546478, true
0.1, 1.0, 0.04, 0.03, 0.23339604002002978, true
0.1, 1.0, 0.12, 0.25, 0.24064065138023594, true
0.1, 1.0, 0.16, 0.13, 0.24032503926846527, true
0.1, 1.0, 0.16, 0.23, 0.24061980369251362, true
0.1, 1.0, 0.16, 0.15, 0.24043305350890454, true
0.1, 1.0, 0.16, 0.29, 0.24068534495883026, true
0.1, 1.0, 0.04, 0.29, 0.24070595610359904, true
0.1, 1.0, 0.04, 0.15, 0.24064019573244466, true
0.1, 1.0, 0.12, 0.0, 0.2224550370370375, true
0.1, 1.0, 0.04, 0.05, 0.23944652560727644, true
0.1, 1.0, 0.12, 0.18, 0.2405676391799278, true
0.1, 1.0, 0.08, 0.16, 0.24059670145098105, true
0.1, 1.0, 0.0, 0.29, 0.24070291193677953, true
0.1, 1.0, 0.0, 0.16, 0.24068784072051058, true
0.1, 1.0, 0.0, 0.32, 0.24070736831668105, true
0.1, 1.0, 0.16, 0.03, 0.2291986769046958, true
0.1, 1.0, 0.12, 0.08, 0.2397506264500204, true
0.1, 1.0, 0.04, 0.19, 0.24065322086161486, true
0.1, 1.0, 0.04, 0.33, 0.24068055306363878, true
0.1, 1.0, 0.08, 0.27, 0.24068329281267978, true
0.1, 1.0, 0.0, 0.13, 0.24069136316213335, true
0.1, 1.0, 0.08, 0.0, 0.22245503703703765, true
0.1, 1.0, 0.04, 0.18, 0.24065249452916973, true
0.1, 1.0, 0.16, 0.14, 0.24035851167868802, true
0.1, 1.0, 0.0, 0.22, 0.2406778948431929, true
0.1, 1.0, 0.12, 0.21, 0.24061206571460395, true
0.1, 1.0, 0.12, 0.35, 0.2406861658731422, true
0.1, 1.0, 0.08, 0.2, 0.24064982911275126, true
0.1, 1.0, 0.16, 0.12, 0.2401976009501027, true
0.1, 1.0, 0.12, 0.28, 0.24065988712138053, true
0.1, 1.0, 0.16, 0.3, 0.24066787179440663, true
0.1, 1.0, 0.04, 0.32, 0.2407082516342509, true
0.1, 1.0, 0.08, 0.21, 0.24064011683072994, true
0.1, 1.0, 0.08, 0.08, 0.2400886783752243, true
0.1, 1.0, 0.0, 0.14, 0.24068820888790518, true
0.1, 1.0, 0.08, 0.05, 0.23794097592077865, true
0.1, 1.0, 0.04, 0.26, 0.24068479609513815, true
0.1, 1.0, 0.08, 0.23, 0.24064432219412724, true
0.1, 1.0, 0.16, 0.25, 0.24062972042014416, true
0.1, 1.0, 0.08, 0.07, 0.23981625164923914, true
0.1, 1.0, 0.12, 0.23, 0.24063745705282397, true
0.1, 1.0, 0.16, 0.31, 0.24067366471302465, true
0.1, 1.0, 0.08, 0.32, 0.24070207172828778, true
0.1, 1.0, 0.16, 0.2, 0.24058753178458414, true
0.1, 1.0, 0.12, 0.22, 0.2406178804434681, true
0.1, 1.0, 0.16, 0.33, 0.24068339955719645, true
0.1, 1.0, 0.12, 0.19, 0.2405906246036084, true
0.1, 1.0, 0.12, 0.27, 0.24067248187801016, true
0.1, 1.0, 0.04, 0.31, 0.24069542194422955, true
0.1, 1.0, 0.16, 0.32, 0.24068780722621774, true
0.1, 1.0, 0.0, 0.18, 0.24070087473227952, true
0.1, 1.0, 0.04, 0.3, 0.24068684959552072, true
0.1, 1.0, 0.08, 0.29, 0.2406978451983453, true
0.1, 1.0, 0.0, 0.07, 0.24071588981231953, true
0.1, 1.0, 0.12, 0.07, 0.23929982681971382, true
0.1, 1.0, 0.08, 0.35, 0.24069476658051786, true
0.1, 1.0, 0.04, 0.24, 0.24067813932119836, true
0.1, 1.0, 0.12, 0.11, 0.24025121790703635, true
0.1, 1.0, 0.04, 0.06, 0.23996273545721794, true
0.1, 1.0, 0.16, 0.19, 0.24055711678941027, true
0.1, 1.0, 0.08, 0.02, 0.2270039689388964, true
0.1, 1.0, 0.04, 0.25, 0.24066942385554854, true
0.1, 1.0, 0.0, 0.31, 0.2407099166319624, true
0.1, 1.0, 0.04, 0.1, 0.24052067034867167, true
0.1, 1.0, 0.12, 0.29, 0.24068344068610695, true
0.1, 1.0, 0.16, 0.27, 0.24066487928559407, true
0.1, 1.0, 0.08, 0.11, 0.24039648085988646, true
0.1, 1.0, 0.12, 0.17, 0.2405777698599017, true
0.1, 1.0, 0.12, 0.16, 0.24053730222570163, true
0.1, 1.0, 0.16, 0.09, 0.23973968688419567, true
0.1, 1.0, 0.0, 0.11, 0.24067684990737034, true
0.1, 1.0, 0.0, 0.19, 0.24068753305979393, true
0.1, 1.0, 0.0, 0.27, 0.24071130553396214, true
0.1, 1.0, 0.16, 0.1, 0.23991443694874243, true
0.1, 1.0, 0.08, 0.15, 0.24058686136844254, true
0.1, 1.0, 0.08, 0.34, 0.24067370565720358, true
0.1, 1.0, 0.08, 0.17, 0.24063168473846175, true
0.1, 1.0, 0.04, 0.35, 0.24069319043336, true
0.1, 1.0, 0.0, 0.04, 0.24070531302331283, true
0.1, 1.0, 0.08, 0.31, 0.24068541321675296, true
0.1, 1.0, 0.16, 0.05, 0.23407961505771613, true
0.1, 1.0, 0.08, 0.24, 0.24065757452800757, true
0.1, 1.0, 0.2, 0.03, 0.2288259989327256, true
0.1, 1.0, 0.08, 0.33, 0.2406862660380168, true
0.1, 1.0, 0.0, 0.35, 0.2407020245569128, true
0.1, 1.0, 0.0, 0.12, 0.24071983822733842, true
0.1, 1.0, 0.08, 0.01, 0.22461097344528538, true
0.1, 1.0, 0.12, 0.31, 0.2406808124864248, true
0.1, 1.0, 0.08, 0.12, 0.24047559649580097, true
0.1, 1.0, 0.04, 0.12, 0.2406117850239897, true
0.1, 1.0, 0.16, 0.28, 0.24066279019291884, true
0.1, 1.0, 0.0, 0.03, 0.21803010497141448, false
0.1, 1.0, 0.08, 0.28, 0.24068290434300033, true
0.1, 1.0, 0.0, 0.21, 0.24070271382199845, true
0.1, 1.0, 0.16, 0.35, 0.2406924011267721, true
0.1, 1.0, 0.12, 0.04, 0.23436442126915039, true
0.1, 1.0, 0.12, 0.1, 0.24017010359581759, true
0.1, 1.0, 0.08, 0.3, 0.24069108594365082, true
0.1, 1.0, 0.2, 0.1, 0.23976514259833118, true
0.1, 1.0, 0.16, 0.0, 0.2224550370370373, true
0.1, 1.0, 0.16, 0.02, 0.2265943094246083, true
0.1, 1.0, 0.12, 0.14, 0.2404600035813694, true
0.1, 1.0, 0.12, 0.32, 0.24068973380043449, true
0.1, 1.0, 0.12, 0.24, 0.24064009921875842, true
0.1, 1.0, 0.08, 0.04, 0.23600639025256814, true
0.1, 1.0, 0.16, 0.18, 0.2405347202217325, true
0.1, 1.0, 0.2, 0.06, 0.237099703884814, true
0.1, 1.0, 0.12, 0.3, 0.24069904153583938, true
0.1, 1.0, 0.04, 0.34, 0.2406725892283007, true
0.1, 1.0, 0.16, 0.16, 0.24047518423084863, true
0.1, 1.0, 0.04, 0.14, 0.24061470152769082, true
0.1, 1.0, 0.08, 0.13, 0.24051807870164552, true
0.1, 1.0, 0.04, 0.02, 0.22726890562105123, true
0.1, 1.0, 0.16, 0.06, 0.23785814812442524, true
0.1, 1.0, 0.04, 0.01, 0.2247052707533598, true
0.1, 1.0, 0.0, 0.02, 0.24143882002543843, true
0.1, 1.0, 0.16, 0.26, 0.24065728906249548, true
0.1, 1.0, 0.12, 0.05, 0.23639884267229241, true
0.1, 1.0, 0.04, 0.2, 0.24066593992264465, true
0.1, 1.0, 0.12, 0.01, 0.22451381419095065, true
0.1, 1.0, 0.0, 0.34, 0.24067720193091485, true
0.1, 1.0, 0.16, 0.08, 0.23937176464634433, true
0.1, 1.0, 0.12, 0.15, 0.24050277682391347, true
0.1, 1.0, 0.12, 0.33, 0.24068600211552693, true
0.1, 1.0, 0.16, 0.22, 0.2405948331791311, true
0.1, 1.0, 0.0, 0.01, 0.24023058387264598, true
0.1, 1.0, 0.12, 0.03, 0.22974929816588144, true
0.1, 1.0, 0.12, 0.02, 0.22679132584399878, true
0.1, 1.0, 0.0, 0.23, 0.24069085691190406, true
0.1, 1.0, 0.0, 0.2, 0.24069417822361466, true
0.1, 1.0, 0.08, 0.19, 0.24062156244744998, true
0.1, 1.0, 0.08, 0.18, 0.24060088899004473, true
0.1, 1.0, 0.16, 0.07, 0.2387768486625118, true
0.1, 1.0, 0.08, 0.25, 0.24066176818648033, true
0.1, 1.0, 0.04, 0.08, 0.24039144375828714, true
0.1, 1.0, 0.08, 0.03, 0.22993876260992352, true
0.1, 1.0, 0.12, 0.34, 0.2406769453577875, true
0.1, 1.0, 0.16, 0.01, 0.22442441188744044, true
0.1, 1.0, 0.0, 0.09, 0.24069358869258417, true
0.1, 1.0, 0.2, 0.07, 0.23835697275296439, true
0.1, 1.0, 0.0, 0.08, 0.24072124194710234, true
0.1, 1.0, 0.0, 0.0, 0.23917381032638196, true
0.1, 1.0, 0.0, 0.17, 0.24070698897126422, true
0.1, 1.0, 0.2, 0.08, 0.2390025475311071, true
0.1, 1.0, 0.04, 0.09, 0.24045255722279163, true
0.1, 1.0, 0.04, 0.27, 0.2407012763922231, true
0.1, 1.0, 0.04, 0.22, 0.2406502348966262, true
0.1, 1.0, 0.12, 0.13, 0.24042846452400138, true
0.1, 1.0, 0.0, 0.15, 0.240709448036463, true
0.1, 1.0, 0.04, 0.0, 0.22245503704729974, true
0.1, 1.0, 0.12, 0.2, 0.24061850051972505, true
0.1, 1.0, 0.2, 0.11, 0.23997523162818346, true
0.1, 1.0, 0.2, 0.01, 0.22434549096273504, true
0.1, 1.0, 0.2, 0.05, 0.22968162203653752, true
0.1, 1.0, 0.04, 0.21, 0.2406706443292388, true
0.1, 1.0, 0.08, 0.14, 0.24053417821966883, true
0.1, 1.0, 0.2, 0.02, 0.2264339508855316, true
0.1, 1.0, 0.28, 0.08, 0.23831503141927585, true
0.1, 1.0, 0.36, 0.29, 0.240619338869154, true
0.1, 1.0, 0.36, 0.34, 0.24065442625246436, true
0.1, 1.0, 0.32, 0.31, 0.2406433004613604, true
0.1, 1.0, 0.28, 0.22, 0.24051233756277374, true
0.1, 1.0, 0.24, 0.08, 0.2386446089577778, true
0.1, 1.0, 0.24, 0.12, 0.23996738073264567, true
0.1, 1.0, 0.36, 0.26, 0.24057400538389234, true
0.1, 1.0, 0.2, 0.23, 0.24059088647515872, true
0.1, 1.0, 0.32, 0.25, 0.24056844024321475, true
0.1, 1.0, 0.32, 0.02, 0.22603844939811027, true
0.1, 1.0, 0.32, 0.05, 0.23334166774270287, true
0.1, 1.0, 0.24, 0.11, 0.23978519222968062, true
0.1, 1.0, 0.28, 0.2, 0.24049893285398813, true
0.1, 1.0, 0.24, 0.17, 0.24042105171460176, true
0.1, 1.0, 0.32, 0.21, 0.2404609090984706, true
0.1, 1.0, 0.24, 0.25, 0.24058607842731633, true
0.1, 1.0, 0.36, 0.17, 0.24027034550845505, true
0.1, 1.0, 0.24, 0.15, 0.24029849630831093, true
0.1, 1.0, 0.2, 0.35, 0.24069020592002865, true
0.1, 1.0, 0.2, 0.32, 0.24067668639364848, true
0.1, 1.0, 0.28, 0.15, 0.24022885832405566, true
0.1, 1.0, 0.32, 0.3, 0.24063683558648363, true
0.1, 1.0, 0.32, 0.35, 0.24068149558598942, true
0.1, 1.0, 0.28, 0.07, 0.23727870507675208, true
0.1, 1.0, 0.2, 0.18, 0.2404870589780352, true
0.1, 1.0, 0.32, 0.09, 0.2387392213842596, true
0.1, 1.0, 0.32, 0.18, 0.24035393471705455, true
0.1, 1.0, 0.32, 0.28, 0.24060501530328324, true
0.1, 1.0, 0.36, 0.0, 0.22245503703703726, true
0.1, 1.0, 0.2, 0.12, 0.2400729789626585, true
0.1, 1.0, 0.28, 0.33, 0.24065630996692605, true
0.1, 1.0, 0.4, 0.22, 0.24045708487779893, true
0.1, 1.0, 0.32, 0.29, 0.24063844738986362, true
0.1, 1.0, 0.28, 0.1, 0.23934740184895476, true
0.1, 1.0, 0.2, 0.28, 0.240640380341536, true
0.1, 1.0, 0.24, 0.06, 0.23613957906837396, true
0.1, 1.0, 0.36, 0.3, 0.2406328513707522, true
0.1, 1.0, 0.4, 0.09, 0.23814176350913807, true
0.1, 1.0, 0.28, 0.31, 0.24065171444502398, true
0.1, 1.0, 0.36, 0.28, 0.24059125414131835, true
0.1, 1.0, 0.24, 0.1, 0.2395300831511456, true
0.1, 1.0, 0.32, 0.15, 0.24015274181765328, true
0.1, 1.0, 0.2, 0.27, 0.2406409088856915, true
0.1, 1.0, 0.2, 0.21, 0.24056580487930193, true
0.1, 1.0, 0.24, 0.0, 0.22245503703703726, true
0.1, 1.0, 0.32, 0.27, 0.24060062017866474, true
0.1, 1.0, 0.24, 0.16, 0.24036823786718806, true
0.1, 1.0, 0.4, 0.1, 0.23864361559453207, true
0.1, 1.0, 0.32, 0.16, 0.24024697121240668, true
0.1, 1.0, 0.36, 0.21, 0.24045587000642854, true
0.1, 1.0, 0.2, 0.3, 0.24067071665877493, true
0.1, 1.0, 0.28, 0.11, 0.23961655348508548, true
0.1, 1.0, 0.28, 0.21, 0.24050390230823562, true
0.1, 1.0, 0.24, 0.21, 0.2405473610063887, true
0.1, 1.0, 0.24, 0.24, 0.24058838696265533, true
0.1, 1.0, 0.24, 0.13, 0.2400985668361007, true
0.1, 1.0, 0.24, 0.23, 0.2405750958233486, true
0.1, 1.0, 0.24, 0.09, 0.2391374233059574, true
0.1, 1.0, 0.24, 0.32, 0.24067002732276316, true
0.1, 1.0, 0.2, 0.31, 0.2406690529845914, true
0.1, 1.0, 0.24, 0.14, 0.24021153370961382, true
0.1, 1.0, 0.4, 0.19, 0.2403205093209104, true
0.1, 1.0, 0.2, 0.22, 0.24058139502805204, true
0.1, 1.0, 0.32, 0.07, 0.236752070392458, true
0.1, 1.0, 0.36, 0.24, 0.2405326918513032, true
0.1, 1.0, 0.32, 0.13, 0.239893085705452, true
0.1, 1.0, 0.2, 0.16, 0.2404215183006385, true
0.1, 1.0, 0.4, 0.08, 0.23722501991933043, true
0.1, 1.0, 0.36, 0.11, 0.23930034728757543, true
0.1, 1.0, 0.2, 0.17, 0.24047785091458784, true
0.1, 1.0, 0.32, 0.12, 0.2397041213376889, true
0.1, 1.0, 0.2, 0.33, 0.24067951683857003, true
0.1, 1.0, 0.36, 0.05, 0.2285474225953953, true
0.1, 1.0, 0.36, 0.12, 0.23954014588766512, true
0.1, 1.0, 0.24, 0.27, 0.2406168640970793, true
0.1, 1.0, 0.4, 0.14, 0.2398329761281771, true
0.1, 1.0, 0.4, 0.03, 0.22768759803132504, true
0.1, 1.0, 0.32, 0.14, 0.2400065000765792, true
0.1, 1.0, 0.2, 0.15, 0.24038388928793933, true
0.1, 1.0, 0.36, 0.13, 0.2397805460309968, true
0.1, 1.0, 0.24, 0.2, 0.240515952560951, true
0.1, 1.0, 0.4, 0.11, 0.23916077647549217, true
0.1, 1.0, 0.28, 0.24, 0.2405618336077329, true
0.1, 1.0, 0.36, 0.25, 0.24054605389971506, true
0.1, 1.0, 0.28, 0.14, 0.2401263087362472, true
0.1, 1.0, 0.28, 0.03, 0.22825890373621976, true
0.1, 1.0, 0.32, 0.17, 0.2403198969466206, true
0.1, 1.0, 0.36, 0.33, 0.24063636361377694, true
0.1, 1.0, 0.36, 0.14, 0.2399176651927107, true
0.1, 1.0, 0.32, 0.2, 0.24046068824980493, true
0.1, 1.0, 0.32, 0.0, 0.22245503703703726, true
0.1, 1.0, 0.4, 0.12, 0.23937233933541602, true
0.1, 1.0, 0.28, 0.02, 0.22615391605927168, true
0.1, 1.0, 0.32, 0.33, 0.24065099767153433, true
0.1, 1.0, 0.24, 0.18, 0.24045809898265078, true
0.1, 1.0, 0.2, 0.2, 0.24054347722300512, true
0.1, 1.0, 0.24, 0.02, 0.2262894620672363, true
0.1, 1.0, 0.24, 0.05, 0.23437457260078293, true
0.1, 1.0, 0.32, 0.1, 0.23914423728301576, true
0.1, 1.0, 0.36, 0.31, 0.24064520844097945, true
0.1, 1.0, 0.32, 0.06, 0.2345102732269359, true
0.1, 1.0, 0.2, 0.19, 0.24051717661058075, true
0.1, 1.0, 0.4, 0.0, 0.2224550370370372, true
0.1, 1.0, 0.36, 0.08, 0.23751846488615683, true
0.1, 1.0, 0.28, 0.13, 0.23997639913963245, true
0.1, 1.0, 0.28, 0.35, 0.24068802630306071, true
0.1, 1.0, 0.28, 0.05, 0.23388500155030406, true
0.1, 1.0, 0.32, 0.34, 0.24064950393066747, true
0.1, 1.0, 0.36, 0.06, 0.23277940967007735, true
0.1, 1.0, 0.36, 0.1, 0.23890719254842602, true
0.1, 1.0, 0.24, 0.33, 0.24067055920247454, true
0.1, 1.0, 0.24, 0.22, 0.24054956011129316, true
0.1, 1.0, 0.32, 0.22, 0.24049421931778497, true
0.1, 1.0, 0.28, 0.26, 0.24059115109914206, true
0.1, 1.0, 0.24, 0.28, 0.24063568126493656, true
0.1, 1.0, 0.28, 0.09, 0.23888112754054366, true
0.1, 1.0, 0.28, 0.04, 0.23012456914950172, true
0.1, 1.0, 0.4, 0.02, 0.22583621720968838, true
0.1, 1.0, 0.24, 0.29, 0.24066019678465314, true
0.1, 1.0, 0.32, 0.24, 0.24054097506530256, true
0.1, 1.0, 0.4, 0.2, 0.24038554130507614, true
0.1, 1.0, 0.24, 0.01, 0.22427211113885823, true
0.1, 1.0, 0.28, 0.01, 0.22420721356350273, true
0.1, 1.0, 0.32, 0.32, 0.24065720239752722, true
0.1, 1.0, 0.36, 0.35, 0.24067376454563177, true
0.1, 1.0, 0.36, 0.01, 0.22409667564887595, true
0.1, 1.0, 0.28, 0.17, 0.24037072353826985, true
0.1, 1.0, 0.36, 0.07, 0.23626540864587206, true
0.1, 1.0, 0.2, 0.24, 0.24059873425053963, true
0.1, 1.0, 0.32, 0.23, 0.24053678398237152, true
0.1, 1.0, 0.36, 0.22, 0.24047937430302324, true
0.1, 1.0, 0.4, 0.07, 0.23569634387784086, true
0.1, 1.0, 0.36, 0.32, 0.24065714686458878, true
0.1, 1.0, 0.2, 0.13, 0.24021412606659232, true
0.1, 1.0, 0.36, 0.03, 0.22785321992134935, true
0.1, 1.0, 0.32, 0.19, 0.2403969836963835, true
0.1, 1.0, 0.2, 0.29, 0.24067052112760018, true
0.1, 1.0, 0.4, 0.23, 0.24048505564325448, true
0.1, 1.0, 0.4, 0.13, 0.23967046325015123, true
0.1, 1.0, 0.32, 0.04, 0.2302789984302802, true
0.1, 1.0, 0.32, 0.08, 0.23789252089084484, true
0.1, 1.0, 0.28, 0.29, 0.24063144739226497, true
0.1, 1.0, 0.24, 0.34, 0.2406679441938069, true
0.1, 1.0, 0.4, 0.16, 0.2401152964943588, true
0.1, 1.0, 0.32, 0.26, 0.24057359454479862, true
0.1, 1.0, 0.28, 0.27, 0.24060479136718194, true
0.1, 1.0, 0.36, 0.09, 0.23840675296779865, true
0.1, 1.0, 0.32, 0.11, 0.2394484368415818, true
0.1, 1.0, 0.36, 0.19, 0.2403575472647441, true
0.1, 1.0, 0.36, 0.2, 0.24041555864292674, true
0.1, 1.0, 0.28, 0.12, 0.23985471133912165, true
0.1, 1.0, 0.32, 0.01, 0.22414934449304524, true
0.1, 1.0, 0.28, 0.23, 0.24055581748942578, true
0.1, 1.0, 0.36, 0.15, 0.24006798418802025, true
0.1, 1.0, 0.36, 0.23, 0.24050450425971928, true
0.1, 1.0, 0.28, 0.0, 0.22245503703703726, true
0.1, 1.0, 0.28, 0.32, 0.2406606004373736, true
0.1, 1.0, 0.24, 0.31, 0.2406541398202326, true
0.1, 1.0, 0.4, 0.21, 0.24041384681306957, true
0.1, 1.0, 0.4, 0.15, 0.23998327850248066, true
0.1, 1.0, 0.28, 0.06, 0.2354728197523109, true
0.1, 1.0, 0.4, 0.17, 0.24021295049519018, true
0.1, 1.0, 0.28, 0.25, 0.24057912886491553, true
0.1, 1.0, 0.2, 0.25, 0.24060867475335013, true
0.1, 1.0, 0.36, 0.04, 0.23008047934673365, true
0.1, 1.0, 0.4, 0.01, 0.22404848006801145, true
0.1, 1.0, 0.36, 0.18, 0.24032378393064602, true
0.1, 1.0, 0.24, 0.26, 0.24061313627694084, true
0.1, 1.0, 0.24, 0.19, 0.24048597392002027, true
0.1, 1.0, 0.4, 0.06, 0.23280086836235905, true
0.1, 1.0, 0.32, 0.03, 0.2280430695581202, true
0.1, 1.0, 0.28, 0.19, 0.24042739752709438, true
0.1, 1.0, 0.2, 0.26, 0.24062029133539006, true
0.1, 1.0, 0.36, 0.02, 0.22593130761828256, true
0.1, 1.0, 0.28, 0.3, 0.2406490845349019, true
0.1, 1.0, 0.2, 0.14, 0.24027003836729768, true
0.1, 1.0, 0.2, 0.34, 0.24066675366327384, true
0.1, 1.0, 0.36, 0.16, 0.24017194717767862, true
0.1, 1.0, 0.4, 0.18, 0.24028235750721877, true
0.1, 1.0, 0.24, 0.04, 0.22946573817754629, true
0.1, 1.0, 0.24, 0.35, 0.24068611292766057, true
0.1, 1.0, 0.24, 0.3, 0.24065116657608054, true
0.1, 1.0, 0.24, 0.07, 0.2378170249146874, true
0.1, 1.0, 0.28, 0.34, 0.240665728108025, true
0.1, 1.0, 0.28, 0.16, 0.24029558253279756, true
0.1, 1.0, 0.24, 0.03, 0.22851686464803186, true
0.1, 1.0, 0.4, 0.05, 0.22902097291070483, true
0.1, 1.0, 0.28, 0.18, 0.24040601044364535, true
0.1, 1.0, 0.4, 0.04, 0.22984218513416452, true
0.1, 1.0, 0.28, 0.28, 0.24061943185300375, true
0.1, 1.0, 0.36, 0.27, 0.2405692109803425, true
0.1, 1.0, 0.48, 0.2, 0.2403099718148612, true
0.1, 1.0, 0.4, 0.3, 0.2406127300155474, true
0.1, 1.0, 0.44, 0.12, 0.23929859195581327, true
0.1, 1.0, 0.52, 0.33, 0.24062489818407418, true
0.1, 1.0, 0.56, 0.33, 0.24061353657860518, true
0.1, 1.0, 0.52, 0.07, 0.23409588148774968, true
0.1, 1.0, 0.48, 0.19, 0.24023702239896824, true
0.1, 1.0, 0.44, 0.16, 0.24005590793929632, true
0.1, 1.0, 0.44, 0.21, 0.24038688832565872, true
0.1, 1.0, 0.4, 0.32, 0.2406374789842684, true
0.1, 1.0, 0.52, 0.19, 0.24019073332196694, true
0.1, 1.0, 0.56, 0.2, 0.24024721754380512, true
0.1, 1.0, 0.4, 0.26, 0.24053871448286882, true
0.1, 1.0, 0.6, 0.24, 0.24040808501261585, true
0.1, 1.0, 0.6, 0.21, 0.2402778209693132, true
0.1, 1.0, 0.48, 0.17, 0.24007239293595034, true
0.1, 1.0, 0.44, 0.18, 0.24022677435150494, true
0.1, 1.0, 0.48, 0.33, 0.2406262279554232, true
0.1, 1.0, 0.44, 0.28, 0.24058717422552506, true
0.1, 1.0, 0.56, 0.12, 0.23888673154532886, true
0.1, 1.0, 0.48, 0.12, 0.23920629770191482, true
0.1, 1.0, 0.4, 0.25, 0.24052197202731831, true
0.1, 1.0, 0.6, 0.15, 0.23957544394671085, true
0.1, 1.0, 0.6, 0.25, 0.2404450973413619, true
0.1, 1.0, 0.6, 0.13, 0.23914278277812082, true
0.1, 1.0, 0.6, 0.1, 0.23762187357866016, true
0.1, 1.0, 0.56, 0.35, 0.24062387222699141, true
0.1, 1.0, 0.52, 0.18, 0.2401436865118935, true
0.1, 1.0, 0.56, 0.24, 0.24042660603365168, true
0.1, 1.0, 0.6, 0.3, 0.24057741103902278, true
0.1, 1.0, 0.44, 0.27, 0.2405618551083089, true
0.1, 1.0, 0.48, 0.15, 0.239845924938915, true
0.1, 1.0, 0.56, 0.09, 0.23704394346152788, true
0.1, 1.0, 0.44, 0.09, 0.23786691044718988, true
0.1, 1.0, 0.44, 0.19, 0.24029259148259552, true
0.1, 1.0, 0.48, 0.0, 0.2224550370370372, true
0.1, 1.0, 0.56, 0.3, 0.24059060320166237, true
0.1, 1.0, 0.52, 0.11, 0.23863505537248145, true
0.1, 1.0, 0.52, 0.09, 0.23734191708883803, true
0.1, 1.0, 0.52, 0.24, 0.24045991489380447, true
0.1, 1.0, 0.6, 0.31, 0.24059047142401077, true
0.1, 1.0, 0.6, 0.16, 0.23978620614304677, true
0.1, 1.0, 0.6, 0.23, 0.24037102284270756, true
0.1, 1.0, 0.48, 0.1, 0.23826247684217197, true
0.1, 1.0, 0.6, 0.2, 0.24020200951441695, true
0.1, 1.0, 0.52, 0.25, 0.24047829990740902, true
0.1, 1.0, 0.56, 0.21, 0.24030408471978407, true
0.1, 1.0, 0.52, 0.28, 0.24055317044015045, true
0.1, 1.0, 0.56, 0.17, 0.23998011355464294, true
0.1, 1.0, 0.52, 0.15, 0.23974382459009325, true
0.1, 1.0, 0.56, 0.32, 0.24061300045060752, true
0.1, 1.0, 0.52, 0.22, 0.2403854470979744, true
0.1, 1.0, 0.44, 0.23, 0.2404649052502893, true
0.1, 1.0, 0.48, 0.18, 0.24016169324430614, true
0.1, 1.0, 0.44, 0.11, 0.23900620236588652, true
0.1, 1.0, 0.56, 0.13, 0.23924398978713537, true
0.1, 1.0, 0.52, 0.32, 0.2406242781308489, true
0.1, 1.0, 0.48, 0.35, 0.2406538710753062, true
0.1, 1.0, 0.56, 0.34, 0.2406261373554517, true
0.1, 1.0, 0.4, 0.27, 0.2405685542484426, true
0.1, 1.0, 0.44, 0.14, 0.23974728343082544, true
0.1, 1.0, 0.44, 0.08, 0.23690826374210716, true
0.1, 1.0, 0.6, 0.33, 0.24060466079737897, true
0.1, 1.0, 0.44, 0.34, 0.24064613599849005, true
0.1, 1.0, 0.6, 0.09, 0.2365974356981505, true
0.1, 1.0, 0.52, 0.0, 0.2224550370370372, true
0.1, 1.0, 0.44, 0.06, 0.23150482296576097, true
0.1, 1.0, 0.56, 0.18, 0.24006870031650526, true
0.1, 1.0, 0.48, 0.26, 0.24051398232685714, true
0.1, 1.0, 0.52, 0.23, 0.2404323538437125, true
0.1, 1.0, 0.6, 0.35, 0.24061644614789157, true
0.1, 1.0, 0.48, 0.01, 0.22396325002272977, true
0.1, 1.0, 0.56, 0.07, 0.23326853651565826, true
0.1, 1.0, 0.44, 0.22, 0.24043159742699996, true
0.1, 1.0, 0.44, 0.3, 0.2406120288259454, true
0.1, 1.0, 0.48, 0.24, 0.24048246067828596, true
0.1, 1.0, 0.56, 0.08, 0.23575102673657353, true
0.1, 1.0, 0.44, 0.31, 0.24061162053879673, true
0.1, 1.0, 0.56, 0.22, 0.2403446402367333, true
0.1, 1.0, 0.44, 0.32, 0.24063780441457472, true
0.1, 1.0, 0.48, 0.09, 0.23755985316148476, true
0.1, 1.0, 0.44, 0.15, 0.23992020954371532, true
0.1, 1.0, 0.52, 0.21, 0.24033180550948594, true
0.1, 1.0, 0.6, 0.11, 0.2382862382986072, true
0.1, 1.0, 0.56, 0.26, 0.24049390841343982, true
0.1, 1.0, 0.48, 0.34, 0.24064712778348632, true
0.1, 1.0, 0.56, 0.11, 0.23845923886740272, true
0.1, 1.0, 0.48, 0.3, 0.24060796322652397, true
0.1, 1.0, 0.56, 0.03, 0.2271625675306218, true
0.1, 1.0, 0.56, 0.02, 0.2255088291409459, true
0.1, 1.0, 0.44, 0.13, 0.23955249576855828, true
0.1, 1.0, 0.56, 0.28, 0.24054796581734622, true
0.1, 1.0, 0.6, 0.26, 0.24046813071699918, true
0.1, 1.0, 0.52, 0.06, 0.2289000865320398, true
0.1, 1.0, 0.52, 0.1, 0.23806870926723242, true
0.1, 1.0, 0.44, 0.35, 0.24066013401018205, true
0.1, 1.0, 0.6, 0.08, 0.23529179446334944, true
0.1, 1.0, 0.56, 0.15, 0.23965371425421206, true
0.1, 1.0, 0.52, 0.13, 0.23930337150480155, true
0.1, 1.0, 0.52, 0.02, 0.22558240484104858, true
0.1, 1.0, 0.52, 0.05, 0.23021155772034307, true
0.1, 1.0, 0.6, 0.03, 0.2270573989704597, true
0.1, 1.0, 0.48, 0.02, 0.2256602581898672, true
0.1, 1.0, 0.44, 0.01, 0.22400417010577237, true
0.1, 1.0, 0.44, 0.02, 0.22574359416631484, true
0.1, 1.0, 0.52, 0.01, 0.22392532872142543, true
0.1, 1.0, 0.48, 0.06, 0.23055290634357206, true
0.1, 1.0, 0.52, 0.08, 0.2359928249697595, true
0.1, 1.0, 0.48, 0.13, 0.23942892902054028, true
0.1, 1.0, 0.4, 0.35, 0.2406778589143938, true
0.1, 1.0, 0.44, 0.0, 0.2224550370370372, true
0.1, 1.0, 0.48, 0.16, 0.23997070529647463, true
0.1, 1.0, 0.48, 0.27, 0.24055570101607762, true
0.1, 1.0, 0.56, 0.19, 0.2401668596059315, true
0.1, 1.0, 0.56, 0.04, 0.22897104184593833, true
0.1, 1.0, 0.6, 0.12, 0.2386931780484035, true
0.1, 1.0, 0.52, 0.31, 0.24060390254134031, true
0.1, 1.0, 0.48, 0.29, 0.24057771892843496, true
0.1, 1.0, 0.44, 0.1, 0.23845316486046067, true
0.1, 1.0, 0.6, 0.14, 0.2393565326903202, true
0.1, 1.0, 0.48, 0.05, 0.2298058058963614, true
0.1, 1.0, 0.4, 0.24, 0.24050870560363827, true
0.1, 1.0, 0.56, 0.16, 0.23985219416090187, true
0.1, 1.0, 0.44, 0.05, 0.2297551316494765, true
0.1, 1.0, 0.52, 0.35, 0.24063993631683014, true
0.1, 1.0, 0.48, 0.08, 0.23635286333560757, true
0.1, 1.0, 0.56, 0.23, 0.2404032148172188, true
0.1, 1.0, 0.6, 0.32, 0.240598385386429, true
0.1, 1.0, 0.56, 0.25, 0.24045829216167802, true
0.1, 1.0, 0.52, 0.14, 0.23955176585873708, true
0.1, 1.0, 0.52, 0.3, 0.2405842822085957, true
0.1, 1.0, 0.44, 0.33, 0.2406405453334387, true
0.1, 1.0, 0.6, 0.07, 0.23294247614509422, true
0.1, 1.0, 0.56, 0.06, 0.2279252883445187, true
0.1, 1.0, 0.56, 0.1, 0.23782726610799404, true
0.1, 1.0, 0.6, 0.27, 0.24050842703288194, true
0.1, 1.0, 0.56, 0.0, 0.22245503703703717, true
0.1, 1.0, 0.6, 0.17, 0.23990097548326156, true
0.1, 1.0, 0.56, 0.27, 0.24052206887939323, true
0.1, 1.0, 0.6, 0.0, 0.22245503703703717, true
0.1, 1.0, 0.6, 0.34, 0.2406256557000449, true
0.1, 1.0, 0.6, 0.22, 0.2403306884554737, true
0.1, 1.0, 0.48, 0.11, 0.23881225551542942, true
0.1, 1.0, 0.6, 0.05, 0.23041655917060413, true
0.1, 1.0, 0.52, 0.12, 0.2389929606471546, true
0.1, 1.0, 0.6, 0.29, 0.2405489221361091, true
0.1, 1.0, 0.44, 0.17, 0.24014691585386566, true
0.1, 1.0, 0.56, 0.29, 0.24055820651974058, true
0.1, 1.0, 0.44, 0.03, 0.22753659294176626, true
0.1, 1.0, 0.52, 0.34, 0.24063857971487934, true
0.1, 1.0, 0.52, 0.17, 0.24001554633723632, true
0.1, 1.0, 0.4, 0.33, 0.24064293358488711, true
0.1, 1.0, 0.48, 0.03, 0.22740005310892314, true
0.1, 1.0, 0.48, 0.23, 0.24044118719864982, true
0.1, 1.0, 0.4, 0.31, 0.24063854694042025, true
0.1, 1.0, 0.6, 0.19, 0.24011399875363484, true
0.1, 1.0, 0.44, 0.25, 0.24051097606687485, true
0.1, 1.0, 0.44, 0.26, 0.24052628398043097, true
0.1, 1.0, 0.44, 0.29, 0.24058872852115354, true
0.1, 1.0, 0.52, 0.16, 0.23991771062903924, true
0.1, 1.0, 0.6, 0.06, 0.22842578245044437, true
0.1, 1.0, 0.52, 0.26, 0.24049747143281158, true
0.1, 1.0, 0.52, 0.2, 0.24027622429626014, true
0.1, 1.0, 0.48, 0.14, 0.23965453552861685, true
0.1, 1.0, 0.56, 0.14, 0.23946141244681468, true
0.1, 1.0, 0.4, 0.29, 0.24061361634810335, true
0.1, 1.0, 0.48, 0.31, 0.24060953117809603, true
0.1, 1.0, 0.56, 0.01, 0.2238900695053822, true
0.1, 1.0, 0.6, 0.01, 0.22385718827312429, true
0.1, 1.0, 0.48, 0.04, 0.22935835153921819, true
0.1, 1.0, 0.6, 0.18, 0.24003516789240692, true
0.1, 1.0, 0.52, 0.04, 0.2291549682137682, true
0.1, 1.0, 0.6, 0.04, 0.22880629210000616, true
0.1, 1.0, 0.4, 0.28, 0.24059501609750975, true
0.1, 1.0, 0.52, 0.27, 0.2405409771929879, true
0.1, 1.0, 0.48, 0.25, 0.2405015760708119, true
0.1, 1.0, 0.56, 0.05, 0.23045269801731522, true
0.1, 1.0, 0.48, 0.07, 0.23418466354267037, true
0.1, 1.0, 0.56, 0.31, 0.24059586636174454, true
0.1, 1.0, 0.48, 0.21, 0.24036650517226646, true
0.1, 1.0, 0.48, 0.28, 0.24056610569744533, true
0.1, 1.0, 0.48, 0.32, 0.2406313955961329, true
0.1, 1.0, 0.52, 0.03, 0.22727840195786886, true
0.1, 1.0, 0.4, 0.34, 0.2406416184012565, true
0.1, 1.0, 0.44, 0.07, 0.23490964990045005, true
0.1, 1.0, 0.44, 0.24, 0.24049558541419402, true
0.1, 1.0, 0.48, 0.22, 0.24041262229826046, true
0.1, 1.0, 0.44, 0.04, 0.2295752592399276, true
0.1, 1.0, 0.52, 0.29, 0.2405716728178802, true
0.1, 1.0, 0.6, 0.28, 0.24054293416527284, true
0.1, 1.0, 0.6, 0.02, 0.22544169346777626, true
0.1, 1.0, 0.44, 0.2, 0.2403370099644296, true
0.1, 1.0, 0.64, 0.09, 0.23640626240204113, true
0.1, 1.0, 0.68, 0.17, 0.23980698566630057, true
0.1, 1.0, 0.64, 0.32, 0.2405942145258351, true
0.1, 1.0, 0.72, 0.23, 0.24029965760752184, true
0.1, 1.0, 0.76, 0.08, 0.23349822172937507, true
0.1, 1.0, 0.64, 0.33, 0.24060046951801517, true
0.1, 1.0, 0.64, 0.31, 0.2405703938221657, true
0.1, 1.0, 0.72, 0.14, 0.23907063210279036, true
0.1, 1.0, 0.72, 0.09, 0.23584110375311446, true
0.1, 1.0, 0.8, 0.03, 0.2266231854472439, true
0.1, 1.0, 0.76, 0.29, 0.2405156269201859, true
0.1, 1.0, 0.68, 0.08, 0.2346862606102085, true
0.1, 1.0, 0.68, 0.18, 0.23993497670940855, true
0.1, 1.0, 0.72, 0.0, 0.22245503703703715, true
0.1, 1.0, 0.64, 0.15, 0.2395225491195651, true
0.1, 1.0, 0.8, 0.11, 0.23736779891128706, true
0.1, 1.0, 0.8, 0.34, 0.2405845773022536, true
0.1, 1.0, 0.76, 0.27, 0.2404597144229459, true
0.1, 1.0, 0.72, 0.17, 0.23974093023238885, true
0.1, 1.0, 0.8, 0.16, 0.23939801772340719, true
0.1, 1.0, 0.68, 0.33, 0.24059377819043315, true
0.1, 1.0, 0.8, 0.35, 0.2406039557455477, true
0.1, 1.0, 0.68, 0.28, 0.2405013294470612, true
0.1, 1.0, 0.72, 0.12, 0.2383589574189492, true
0.1, 1.0, 0.8, 0.24, 0.2403059338943233, true
0.1, 1.0, 0.8, 0.14, 0.2389075175680647, true
0.1, 1.0, 0.64, 0.0, 0.22245503703703717, true
0.1, 1.0, 0.68, 0.2, 0.24015988587845843, true
0.1, 1.0, 0.64, 0.27, 0.2404984008085847, true
0.1, 1.0, 0.72, 0.28, 0.24049909879935413, true
0.1, 1.0, 0.64, 0.3, 0.24056731548852386, true
0.1, 1.0, 0.76, 0.33, 0.2405940580681171, true
0.1, 1.0, 0.72, 0.26, 0.2404268154524213, true
0.1, 1.0, 0.64, 0.23, 0.24034607826373372, true
0.1, 1.0, 0.84, 0.0, 0.2224550370370371, true
0.1, 1.0, 0.8, 0.27, 0.24044211896044781, true
0.1, 1.0, 0.68, 0.07, 0.23223178346201542, true
0.1, 1.0, 0.68, 0.09, 0.2361497318627155, true
0.1, 1.0, 0.72, 0.35, 0.24062443235266673, true
0.1, 1.0, 0.72, 0.24, 0.24035201257209327, true
0.1, 1.0, 0.64, 0.17, 0.23983418898874098, true
0.1, 1.0, 0.68, 0.3, 0.24056932282419935, true
0.1, 1.0, 0.8, 0.3, 0.24053016089967258, true
0.1, 1.0, 0.76, 0.11, 0.23753089090706397, true
0.1, 1.0, 0.76, 0.02, 0.22521118119848482, true
0.1, 1.0, 0.8, 0.18, 0.23980282855163246, true
0.1, 1.0, 0.68, 0.13, 0.2388903462818148, true
0.1, 1.0, 0.76, 0.14, 0.23899560812211004, true
0.1, 1.0, 0.8, 0.29, 0.24050023437952542, true
0.1, 1.0, 0.72, 0.31, 0.24055839605308382, true
0.1, 1.0, 0.76, 0.28, 0.24049033484414906, true
0.1, 1.0, 0.72, 0.25, 0.2403891312951145, true
0.1, 1.0, 0.64, 0.24, 0.24038831677787859, true
0.1, 1.0, 0.8, 0.28, 0.2404792450331481, true
0.1, 1.0, 0.72, 0.13, 0.2387509257152961, true
0.1, 1.0, 0.8, 0.26, 0.24040624676490085, true
0.1, 1.0, 0.8, 0.13, 0.23858195190300333, true
0.1, 1.0, 0.72, 0.29, 0.24051736413932626, true
0.1, 1.0, 0.76, 0.0, 0.22245503703703715, true
0.1, 1.0, 0.8, 0.25, 0.2403474142755684, true
0.1, 1.0, 0.72, 0.11, 0.23780181862519637, true
0.1, 1.0, 0.8, 0.32, 0.24056645887905517, true
0.1, 1.0, 0.76, 0.06, 0.2298613089819944, true
0.1, 1.0, 0.64, 0.14, 0.23927767877778927, true
0.1, 1.0, 0.8, 0.09, 0.23521968631092802, true
0.1, 1.0, 0.76, 0.16, 0.23952601709610427, true
0.1, 1.0, 0.72, 0.27, 0.2404616685730629, true
0.1, 1.0, 0.72, 0.16, 0.23957798771486621, true
0.1, 1.0, 0.68, 0.1, 0.23715151163106937, true
0.1, 1.0, 0.68, 0.35, 0.2406247718140519, true
0.1, 1.0, 0.68, 0.27, 0.24047975851705572, true
0.1, 1.0, 0.84, 0.06, 0.23056636243521259, true
0.1, 1.0, 0.76, 0.22, 0.24023186668647473, true
0.1, 1.0, 0.68, 0.29, 0.24052264615499652, true
0.1, 1.0, 0.64, 0.2, 0.24017286190816606, true
0.1, 1.0, 0.76, 0.05, 0.2299382332988096, true
0.1, 1.0, 0.8, 0.0, 0.22245503703703715, true
0.1, 1.0, 0.72, 0.2, 0.24010413574978898, true
0.1, 1.0, 0.8, 0.33, 0.24058641409622383, true
0.1, 1.0, 0.68, 0.14, 0.2391933386076994, true
0.1, 1.0, 0.68, 0.11, 0.23797888004435386, true
0.1, 1.0, 0.72, 0.19, 0.2400184703714243, true
0.1, 1.0, 0.84, 0.07, 0.23058656609083752, true
0.1, 1.0, 0.64, 0.21, 0.24025128963324963, true
0.1, 1.0, 0.64, 0.02, 0.22537885200217267, true
0.1, 1.0, 0.64, 0.16, 0.23971529315414572, true
0.1, 1.0, 0.68, 0.16, 0.23963958844275382, true
0.1, 1.0, 0.76, 0.32, 0.24058117540107019, true
0.1, 1.0, 0.68, 0.01, 0.2237975714542858, true
0.1, 1.0, 0.72, 0.22, 0.24026123844466374, true
0.1, 1.0, 0.76, 0.21, 0.2401515863984657, true
0.1, 1.0, 0.72, 0.15, 0.23935235606839642, true
0.1, 1.0, 0.64, 0.18, 0.23999207132561812, true
0.1, 1.0, 0.68, 0.21, 0.24021866545431864, true
0.1, 1.0, 0.8, 0.06, 0.23057923887571893, true
0.1, 1.0, 0.72, 0.18, 0.23990163187221383, true
0.1, 1.0, 0.64, 0.22, 0.24030796739835827, true
0.1, 1.0, 0.76, 0.01, 0.22374485807570785, true
0.1, 1.0, 0.8, 0.23, 0.2402585173347948, true
0.1, 1.0, 0.8, 0.31, 0.24055363692420273, true
0.1, 1.0, 0.76, 0.31, 0.24056025381938895, true
0.1, 1.0, 0.84, 0.01, 0.22369784972557863, true
0.1, 1.0, 0.68, 0.0, 0.22245503703703717, true
0.1, 1.0, 0.76, 0.35, 0.24061357573897915, true
0.1, 1.0, 0.8, 0.1, 0.23650462171877823, true
0.1, 1.0, 0.8, 0.21, 0.24012193737282433, true
0.1, 1.0, 0.68, 0.24, 0.24036979237228806, true
0.1, 1.0, 0.64, 0.34, 0.24062671243539438, true
0.1, 1.0, 0.68, 0.23, 0.2403304696119393, true
0.1, 1.0, 0.72, 0.04, 0.22838099147931437, true
0.1, 1.0, 0.68, 0.25, 0.24041854789219294, true
0.1, 1.0, 0.64, 0.35, 0.24062098041201113, true
0.1, 1.0, 0.8, 0.02, 0.22516171950235617, true
0.1, 1.0, 0.72, 0.07, 0.2313468798234013, true
0.1, 1.0, 0.8, 0.19, 0.23992493132896647, true
0.1, 1.0, 0.76, 0.2, 0.24007930255272003, true
0.1, 1.0, 0.8, 0.22, 0.2402087914695164, true
0.1, 1.0, 0.68, 0.12, 0.23846967074530367, true
0.1, 1.0, 0.68, 0.22, 0.2402790638524806, true
0.1, 1.0, 0.72, 0.06, 0.22982431605775713, true
0.1, 1.0, 0.72, 0.1, 0.23704787791140838, true
0.1, 1.0, 0.76, 0.23, 0.24026724857154474, true
0.1, 1.0, 0.76, 0.25, 0.24037453610900325, true
0.1, 1.0, 0.76, 0.34, 0.24060616831580917, true
0.1, 1.0, 0.64, 0.13, 0.2390198217808642, true
0.1, 1.0, 0.84, 0.02, 0.2251148804984511, true
0.1, 1.0, 0.72, 0.08, 0.23414104803742564, true
0.1, 1.0, 0.68, 0.05, 0.23021874344711077, true
0.1, 1.0, 0.76, 0.1, 0.23685249633416125, true
0.1, 1.0, 0.64, 0.12, 0.23863024503435837, true
0.1, 1.0, 0.64, 0.1, 0.23737619346401953, true
0.1, 1.0, 0.76, 0.09, 0.23546002297592167, true
0.1, 1.0, 0.68, 0.03, 0.22686669465598563, true
0.1, 1.0, 0.76, 0.03, 0.22670086696080916, true
0.1, 1.0, 0.68, 0.15, 0.23944345160955258, true
0.1, 1.0, 0.64, 0.28, 0.24051906401233208, true
0.1, 1.0, 0.68, 0.31, 0.24056832143820878, true
0.1, 1.0, 0.76, 0.3, 0.24053544999072718, true
0.1, 1.0, 0.72, 0.05, 0.2301016978018621, true
0.1, 1.0, 0.64, 0.19, 0.24006699488268832, true
0.1, 1.0, 0.68, 0.32, 0.24058874229365304, true
0.1, 1.0, 0.84, 0.11, 0.23723335489392255, true
0.1, 1.0, 0.76, 0.13, 0.2386604156391345, true
0.1, 1.0, 0.64, 0.08, 0.23506502198768875, true
0.1, 1.0, 0.8, 0.07, 0.22972899786472956, true
0.1, 1.0, 0.72, 0.33, 0.2405908045502188, true
0.1, 1.0, 0.76, 0.15, 0.239286795309917, true
0.1, 1.0, 0.64, 0.05, 0.23027505856434227, true
0.1, 1.0, 0.72, 0.03, 0.22678117249857072, true
0.1, 1.0, 0.84, 0.05, 0.22964000121603043, true
0.1, 1.0, 0.8, 0.15, 0.2392158944481524, true
0.1, 1.0, 0.76, 0.24, 0.2403254969554463, true
0.1, 1.0, 0.68, 0.26, 0.24044235746347958, true
0.1, 1.0, 0.8, 0.17, 0.23965365457208626, true
0.1, 1.0, 0.8, 0.08, 0.2333784856626798, true
0.1, 1.0, 0.76, 0.07, 0.22983361756869694, true
0.1, 1.0, 0.84, 0.04, 0.2280449772460105, true
0.1, 1.0, 0.72, 0.02, 0.225263518988786, true
0.1, 1.0, 0.64, 0.11, 0.23808565178175542, true
0.1, 1.0, 0.64, 0.03, 0.2269590066138752, true
0.1, 1.0, 0.64, 0.26, 0.24046481878395148, true
0.1, 1.0, 0.72, 0.21, 0.24018764032355552, true
0.1, 1.0, 0.68, 0.19, 0.24003909715427985, true
0.1, 1.0, 0.76, 0.04, 0.2282609204559421, true
0.1, 1.0, 0.72, 0.34, 0.24061187101524367, true
0.1, 1.0, 0.76, 0.26, 0.24040951281616096, true
0.1, 1.0, 0.84, 0.1, 0.23630574457622605, true
0.1, 1.0, 0.72, 0.01, 0.22377043251271747, true
0.1, 1.0, 0.84, 0.08, 0.23278468787281273, true
0.1, 1.0, 0.72, 0.3, 0.24054169448667598, true
0.1, 1.0, 0.84, 0.09, 0.2350603626333693, true
0.1, 1.0, 0.68, 0.02, 0.22531902402659007, true
0.1, 1.0, 0.64, 0.04, 0.22865234609562915, true
0.1, 1.0, 0.64, 0.06, 0.22832398413071264, true
0.1, 1.0, 0.72, 0.32, 0.24057877023106167, true
0.1, 1.0, 0.8, 0.12, 0.2380720151166123, true
0.1, 1.0, 0.76, 0.18, 0.23985106436883746, true
0.1, 1.0, 0.68, 0.04, 0.2285123675123898, true
0.1, 1.0, 0.8, 0.05, 0.22979003206422657, true
0.1, 1.0, 0.8, 0.04, 0.2281497132729008, true
0.1, 1.0, 0.64, 0.01, 0.22382642667232058, true
0.1, 1.0, 0.76, 0.17, 0.239711450587363, true
0.1, 1.0, 0.8, 0.2, 0.24003628532241625, true
0.1, 1.0, 0.68, 0.34, 0.24061890521434137, true
0.1, 1.0, 0.84, 0.03, 0.22655175115506362, true
0.1, 1.0, 0.64, 0.25, 0.24044043690702108, true
0.1, 1.0, 0.64, 0.29, 0.24053808882409292, true
0.1, 1.0, 0.64, 0.07, 0.23272063315237296, true
0.1, 1.0, 0.8, 0.01, 0.22372070676996367, true
0.1, 1.0, 0.68, 0.06, 0.22963938134197748, true
0.1, 1.0, 0.76, 0.12, 0.23818671291057808, true
0.1, 1.0, 0.76, 0.19, 0.2399871550051246, true
0.1, 1.0, 0.88, 0.35, 0.24059206637032346, true
0.1, 1.0, 1.0, 0.3, 0.24047676123999043, true
0.1, 1.0, 0.92, 0.18, 0.23964886651426703, true
0.1, 1.0, 0.84, 0.13, 0.23841847561276056, true
0.1, 1.0, 0.84, 0.21, 0.24009962099157725, true
0.1, 1.0, 0.88, 0.22, 0.2401387199340874, true
0.1, 1.0, 0.96, 0.19, 0.23975626652696644, true
0.1, 1.0, 0.84, 0.22, 0.24017518871282778, true
0.1, 1.0, 0.96, 0.18, 0.23958706538033434, true
0.1, 1.0, 0.92, 0.15, 0.2389533493133721, true
0.1, 1.0, 0.92, 0.31, 0.24052757509815367, true
0.1, 1.0, 1.0, 0.19, 0.23969769586977283, true
0.1, 1.0, 0.84, 0.28, 0.24047115107904068, true
0.1, 1.0, 1.0, 0.16, 0.23906923341081224, true
0.1, 1.0, 0.92, 0.21, 0.24003273073563217, true
0.1, 1.0, 0.88, 0.12, 0.23775915727716435, true
0.1, 1.0, 1.0, 0.03, 0.22630021712676093, true
0.1, 1.0, 0.96, 0.01, 0.223636024302295, true
0.1, 1.0, 0.88, 0.17, 0.23948295753659138, true
0.1, 1.0, 0.92, 0.25, 0.24030510434417415, true
0.1, 1.0, 0.88, 0.05, 0.22951598066475337, true
0.1, 1.0, 1.0, 0.06, 0.23049761033876617, true
0.1, 1.0, 0.88, 0.19, 0.2398382204208729, true
0.1, 1.0, 0.96, 0.34, 0.24056114403980908, true
0.1, 1.0, 0.92, 0.27, 0.240399914393348, true
0.1, 1.0, 0.84, 0.17, 0.23956588095539788, true
0.1, 1.0, 1.0, 0.1, 0.23546319213989983, true
0.1, 1.0, 0.92, 0.28, 0.24044267711879194, true
0.1, 1.0, 1.0, 0.29, 0.24045175894192586, true
0.1, 1.0, 1.0, 0.26, 0.24031347046851292, true
0.1, 1.0, 0.84, 0.34, 0.2405890233474486, true
0.1, 1.0, 0.88, 0.25, 0.24031358930499713, true
0.1, 1.0, 0.92, 0.33, 0.24056507944571986, true
0.1, 1.0, 0.92, 0.2, 0.23992468165046674, true
0.1, 1.0, 1.0, 0.23, 0.24012655163236651, true
0.1, 1.0, 0.92, 0.35, 0.2405890483846194, true
0.1, 1.0, 0.84, 0.31, 0.2405377259797911, true
0.1, 1.0, 0.92, 0.13, 0.23817217559968804, true
0.1, 1.0, 0.96, 0.32, 0.24054246640397442, true
0.1, 1.0, 0.92, 0.32, 0.240543183765167, true
0.1, 1.0, 0.84, 0.3, 0.24051630874248636, true
0.1, 1.0, 0.96, 0.26, 0.24033571749754398, true
0.1, 1.0, 0.92, 0.22, 0.2401120629156869, true
0.1, 1.0, 0.92, 0.12, 0.23758747164611896, true
0.1, 1.0, 1.0, 0.17, 0.2393487147998582, true
0.1, 1.0, 0.88, 0.06, 0.23053902385193137, true
0.1, 1.0, 0.84, 0.35, 0.24060515892424433, true
0.1, 1.0, 0.88, 0.28, 0.24045242506653072, true
0.1, 1.0, 0.96, 0.06, 0.23054988077599883, true
0.1, 1.0, 1.0, 0.08, 0.23085490514314902, true
0.1, 1.0, 0.88, 0.11, 0.23709236389851074, true
0.1, 1.0, 1.0, 0.0, 0.22245503703703715, true
0.1, 1.0, 0.88, 0.01, 0.2236761808912749, true
0.1, 1.0, 0.92, 0.02, 0.2250282054165525, true
0.1, 1.0, 0.92, 0.07, 0.22979617674596553, true
0.1, 1.0, 1.0, 0.11, 0.2363872812510477, true
0.1, 1.0, 0.92, 0.06, 0.23059909017240307, true
0.1, 1.0, 0.84, 0.26, 0.24037869396897776, true
0.1, 1.0, 0.92, 0.1, 0.23587554854640622, true
0.1, 1.0, 1.0, 0.07, 0.22979018922982802, true
0.1, 1.0, 0.88, 0.02, 0.22507044301578513, true
0.1, 1.0, 0.96, 0.27, 0.24038540280713142, true
0.1, 1.0, 0.84, 0.14, 0.2387812166277259, true
0.1, 1.0, 0.88, 0.07, 0.23003252887305542, true
0.1, 1.0, 0.96, 0.07, 0.2292841145376876, true
0.1, 1.0, 0.88, 0.29, 0.24047741459531874, true
0.1, 1.0, 0.84, 0.24, 0.24027304571710972, true
0.1, 1.0, 0.84, 0.18, 0.2397481306118075, true
0.1, 1.0, 0.88, 0.21, 0.24007148944160214, true
0.1, 1.0, 0.92, 0.23, 0.24017236683231968, true
0.1, 1.0, 1.0, 0.27, 0.24037205630861158, true
0.1, 1.0, 0.88, 0.27, 0.2404150752292214, true
0.1, 1.0, 0.84, 0.19, 0.23988520020658005, true
0.1, 1.0, 0.96, 0.3, 0.24048601353801974, true
0.1, 1.0, 0.84, 0.33, 0.24057891139622087, true
0.1, 1.0, 0.92, 0.08, 0.23174646306221125, true
0.1, 1.0, 0.96, 0.22, 0.24007551743363342, true
0.1, 1.0, 0.84, 0.16, 0.23938056611399128, true
0.1, 1.0, 1.0, 0.21, 0.23996505262345644, true
0.1, 1.0, 0.96, 0.14, 0.2385168717512553, true
0.1, 1.0, 1.0, 0.25, 0.2402612858162395, true
0.1, 1.0, 1.0, 0.15, 0.23881744987331097, true
0.1, 1.0, 0.88, 0.24, 0.24026115141179524, true
0.1, 1.0, 0.96, 0.12, 0.23750367413260817, true
0.1, 1.0, 0.84, 0.12, 0.23787559941593264, true
0.1, 1.0, 0.96, 0.02, 0.22498800522520807, true
0.1, 1.0, 0.88, 0.13, 0.2382851905307815, true
0.1, 1.0, 0.88, 0.08, 0.23279287860889686, true
0.1, 1.0, 1.0, 0.02, 0.22494968087839506, true
0.1, 1.0, 0.96, 0.31, 0.2405108423438831, true
0.1, 1.0, 0.92, 0.16, 0.23920853492074654, true
0.1, 1.0, 0.96, 0.08, 0.231542795106332, true
0.1, 1.0, 0.88, 0.3, 0.24050581710278085, true
0.1, 1.0, 0.84, 0.2, 0.24000329288055883, true
0.1, 1.0, 0.84, 0.29, 0.24048696138504394, true
0.1, 1.0, 0.96, 0.04, 0.22776989359380606, true
0.1, 1.0, 1.0, 0.33, 0.24054793569094385, true
0.1, 1.0, 0.92, 0.04, 0.22785675425110744, true
0.1, 1.0, 0.96, 0.35, 0.2405842604962873, true
0.1, 1.0, 0.96, 0.21, 0.23999736530405547, true
0.1, 1.0, 0.92, 0.11, 0.2369526749832245, true
0.1, 1.0, 0.96, 0.28, 0.2404219697980771, true
0.1, 1.0, 0.92, 0.19, 0.23978418076935124, true
0.1, 1.0, 0.92, 0.34, 0.24057623954567636, true
0.1, 1.0, 0.96, 0.17, 0.239394114877404, true
0.1, 1.0, 0.88, 0.18, 0.23968755478566453, true
0.1, 1.0, 0.88, 0.0, 0.2224550370370371, true
0.1, 1.0, 0.92, 0.17, 0.2394497081784634, true
0.1, 1.0, 0.92, 0.0, 0.22245503703703715, true
0.1, 1.0, 0.88, 0.16, 0.23929223795802457, true
0.1, 1.0, 0.92, 0.3, 0.24049043181701432, true
0.1, 1.0, 0.88, 0.09, 0.23457368986897312, true
0.1, 1.0, 1.0, 0.14, 0.23840061994837555, true
0.1, 1.0, 0.88, 0.2, 0.23996587722771284, true
0.1, 1.0, 0.96, 0.29, 0.2404545503407453, true
0.1, 1.0, 0.88, 0.14, 0.23875478441456022, true
0.1, 1.0, 1.0, 0.18, 0.23952431682595848, true
0.1, 1.0, 1.0, 0.22, 0.24005876568285942, true
0.1, 1.0, 0.88, 0.31, 0.24054497210789844, true
0.1, 1.0, 0.96, 0.15, 0.2388689032212287, true
0.1, 1.0, 0.96, 0.23, 0.24016156126607643, true
0.1, 1.0, 1.0, 0.09, 0.23406751843826826, true
0.1, 1.0, 1.0, 0.01, 0.22361737686994576, true
0.1, 1.0, 0.92, 0.29, 0.24046187957557374, true
0.1, 1.0, 0.92, 0.26, 0.24035993580481274, true
0.1, 1.0, 0.88, 0.32, 0.240551653426158, true
0.1, 1.0, 0.88, 0.34, 0.24057916536370455, true
0.1, 1.0, 0.92, 0.14, 0.23863091957862248, true
0.1, 1.0, 0.88, 0.33, 0.240571883570163, true
0.1, 1.0, 0.84, 0.15, 0.23913800876482452, true
0.1, 1.0, 1.0, 0.35, 0.24057769488272585, true
0.1, 1.0, 1.0, 0.31, 0.24052009799146407, true
0.1, 1.0, 0.96, 0.24, 0.24022031137933628, true
0.1, 1.0, 0.84, 0.27, 0.24042422680605896, true
0.1, 1.0, 0.92, 0.05, 0.22938815967003176, true
0.1, 1.0, 1.0, 0.12, 0.2373217174876787, true
0.1, 1.0, 0.96, 0.16, 0.23914278169126038, true
0.1, 1.0, 0.88, 0.15, 0.23903920657708472, true
0.1, 1.0, 0.84, 0.32, 0.24055762936177405, true
0.1, 1.0, 1.0, 0.24, 0.24019881227529521, true
0.1, 1.0, 0.96, 0.13, 0.2380841532528103, true
0.1, 1.0, 0.96, 0.33, 0.24055115560936396, true
0.1, 1.0, 1.0, 0.34, 0.2405509211712137, true
0.1, 1.0, 1.0, 0.28, 0.2404121936731662, true
0.1, 1.0, 0.96, 0.09, 0.2343481763803179, true
0.1, 1.0, 0.96, 0.25, 0.240291892700177, true
0.1, 1.0, 1.0, 0.32, 0.24053155520511058, true
0.1, 1.0, 0.88, 0.26, 0.24037512552656892, true
0.1, 1.0, 0.88, 0.1, 0.236110443236612, true
0.1, 1.0, 0.96, 0.11, 0.23660357012809957, true
0.1, 1.0, 0.96, 0.0, 0.22245503703703715, true
0.1, 1.0, 0.92, 0.09, 0.23480277793050378, true
0.1, 1.0, 0.92, 0.24, 0.2402433945541027, true
0.1, 1.0, 0.84, 0.23, 0.24023096066038022, true
0.1, 1.0, 0.96, 0.2, 0.2398916382835579, true
0.1, 1.0, 1.0, 0.04, 0.2276854824217062, true
0.1, 1.0, 1.0, 0.2, 0.23983638394304407, true
0.1, 1.0, 0.88, 0.03, 0.22648242084994608, true
0.1, 1.0, 0.88, 0.04, 0.22794757106474342, true
0.1, 1.0, 0.88, 0.23, 0.24020364754289836, true
0.1, 1.0, 0.92, 0.01, 0.22365559949614014, true
0.1, 1.0, 0.84, 0.25, 0.24032781096147807, true
0.1, 1.0, 0.96, 0.1, 0.23568309813144642, true
0.1, 1.0, 1.0, 0.05, 0.229151391660773, true
0.1, 1.0, 0.92, 0.03, 0.22641929285727894, true
0.1, 1.0, 0.96, 0.03, 0.22635829939958566, true
0.1, 1.0, 1.0, 0.13, 0.23792080668755752, true
0.1, 1.0, 0.96, 0.05, 0.22926748409499317, true
